city,Orders,Avg_Delivery_Time_min,Avg_Order_Value_EUR,Tot_Revenue_EUR,Tot_Courier_Cost_EUR,Contribution_Margin_EUR,Cancellation_Rate_pct,CPO_avg,Task_Cost_EUR,Guarantee_Cost_EUR,Other_Cost_EUR
City 1,16298,28.276963405406715,79320.3945,79320.3945,200139.12,-120818.7255,0.1474628689235047,12.881939527164104,128146.8,65717.96,6274.36
City 2,15982,61.8129562141178,155264.486,155264.486,135278.76,19985.725999999995,0.16687885218961618,8.565049067729092,97434.90000000001,26633.6,11210.26
